{
    "botName" : "random bot",
    "randSeed" : 29585,
    "nBots" : 1,
    "formation" : "random",
    "timeStep" : 0.0322579,
    "simulationTime" : 1000,
    "commsRadius" : 100,
    "showComms" : 0,
    "showCommsRadius" : 1,
    "distributePercent" : 1,
    "displayWidth"  : 600,
    "displayHeight" : 600,
    "displayWidthPercent" : 0,
    "displayHeightPercent" : 0,
    "displayScale"  : 0.5,
    "showHist" : 1,
    "storeHistory" : 0,
    "histLength": 2000,
    "imageName" : "./movie/movie_four/f%04d.bmp",
    "saveVideo" :  0,
    "saveVideoN" : 1,
    "stepsPerFrame" : 1,
    "finalImage" : null,
    "stateFileName" : "beacon.json",
    "stateFileSteps" : 100,
    "colorscheme" : "bright",
    "GUI"  : 0,
    "displayX" : 0.0,
    "displayY" : 0.0,
    "turnRate" : 30.0,
    "speed" : 15,
    "pushDisplacement": 0
}
